1696928916,47.458649,19.39904,2650,186,118
1696928913,47.459728,19.39608,2625,186,118
1696928910,47.460938,19.3927,2575,185,117
1696928907,47.462334,19.388897,2500,185,117
1696928904,47.463409,19.385857,2450,185,117
1696928901,47.464737,19.38208,2400,185,116
1696928898,47.465744,19.379128,2350,184,116
1696928895,47.466942,19.375658,2300,185,116
1696928892,47.468124,19.372124,2225,184,115
1696928889,47.469177,19.368826,2175,184,114
1696928886,47.470276,19.365257,2125,184,112
1696928883,47.471329,19.361549,2075,184,107
1696928880,47.472015,19.357769,2025,184,96
1696928877,47.472343,19.354319,1975,183,87
1696928874,47.47229,19.3507,1950,182,78
1696928871,47.471832,19.346853,1900,182,69
1696928868,47.470947,19.343121,1850,182,59
1696928865,47.469784,19.340092,1800,182,51
1696928856,47.464706,19.331572,1650,181,45
1696928847,47.459496,19.323753,1500,180,45
1696928843,47.457634,19.320936,1450,180,45
1696928840,47.455444,19.317627,1400,179,45
1696928838,47.454208,19.315819,1350,178,45
1696928835,47.452469,19.31321,1325,178,45
1696928832,47.450558,19.310373,1275,176,44
1696928829,47.448944,19.308128,1250,175,44
1696928826,47.447113,19.30545,1200,174,43
1696928823,47.445435,19.303049,1150,173,43
1696928820,47.443634,19.300507,1125,172,42
1696928817,47.441849,19.298172,1075,171,39
1696928813,47.439896,19.296007,1025,171,30
1696928811,47.437847,19.294247,975,171,20
1696928808,47.435715,19.293022,950,170,11
1696928804,47.43306,19.292198,900,170,2
1696928801,47.430771,19.292133,825,170,353
1696928798,47.428665,19.292542,775,170,343
1696928795,47.426376,19.293503,725,171,334
1696928792,47.424271,19.295013,625,172,325
1696928789,47.422207,19.297062,550,175,318
1696928786,47.420113,19.29974,450,179,312
1696928777,47.415298,19.307648,500,179,311
1696928768,47.410217,19.316025,650,178,311
1696928759,47.405354,19.324106,800,178,311
1696928750,47.400002,19.332979,950,175,311
1696928741,47.395523,19.340401,1100,174,311
1696928732,47.390781,19.348331,1225,172,311
1696928723,47.385956,19.356262,1375,169,311
1696928714,47.381241,19.364037,1525,166,311
1696928704,47.376343,19.372261,1675,163,311
1696928696,47.372116,19.37932,1800,160,311
1696928687,47.367691,19.386681,1925,157,311
1696928678,47.363434,19.393753,2050,155,311
1696928669,47.359131,19.400757,2200,154,312
1696928660,47.354828,19.407692,2325,150,312
1696928651,47.350616,19.414421,2475,147,312
1696928642,47.346466,19.421152,2600,145,311
1696928633,47.342415,19.427914,2700,141,311
1696928624,47.338531,19.434402,2750,137,310
1696928621,47.33725,19.436575,2750,136,310
1696928618,47.33606,19.43866,2775,134,310
1696928615,47.334824,19.44072,2775,134,309
1696928612,47.333725,19.442711,2775,133,310
1696928609,47.332222,19.445238,2775,132,309
1696928606,47.331161,19.447105,2775,132,309
1696928603,47.330063,19.449097,2750,132,309
1696928600,47.32896,19.451082,2750,131,309
1696928596,47.327682,19.453354,2750,132,309
1696928593,47.326584,19.455276,2750,132,305
1696928590,47.325485,19.457611,2750,132,295
1696928587,47.324493,19.461012,2775,132,285
1696928578,47.323517,19.468126,2775,133,280
1696928570,47.322586,19.475801,2750,133,280
1696928566,47.322166,19.47883,2750,133,280
1696928563,47.321884,19.481295,2750,133,280
1696928560,47.321503,19.484047,2750,134,280
1696928557,47.321186,19.486647,2750,134,280
1696928554,47.320862,19.489265,2750,134,279
1696928551,47.320538,19.492069,2750,135,279
1696928548,47.32021,19.494957,2750,135,278
1696928545,47.319946,19.497643,2775,136,278
1696928542,47.319672,19.500183,2775,136,276
1696928539,47.319443,19.503342,2750,138,270
1696928536,47.31942,19.506296,2750,140,260
1696928533,47.319744,19.50869,2750,144,248
1696928530,47.320583,19.511648,2750,148,236
1696928527,47.321701,19.514112,2750,151,227
1696928524,47.323143,19.516367,2750,153,222
1696928521,47.32505,19.518902,2775,153,221
1696928518,47.326355,19.520521,2775,154,220
1696928515,47.327911,19.522499,2775,155,219
1696928512,47.329659,19.524536,2750,157,212
1696928509,47.331436,19.526207,2750,161,202
1696928506,47.333431,19.527424,2750,165,191
1696928503,47.335739,19.52813,2750,168,179
1696928494,47.343067,19.527706,2750,172,175
1696928485,47.350204,19.526825,2750,174,175
1696928476,47.357803,19.525864,2750,176,175
1696928467,47.36499,19.524971,2775,178,175
1696928464,47.367229,19.524677,2775,178,175
1696928461,47.370159,19.524324,2775,178,175
1696928458,47.372627,19.524044,2775,178,175
1696928454,47.375336,19.523735,2775,177,175
1696928452,47.377304,19.523529,2750,177,175
1696928449,47.379959,19.523186,2750,177,175
1696928446,47.382248,19.52298,2750,177,176
1696928443,47.384918,19.522705,2750,176,176
1696928440,47.387058,19.522564,2775,176,179
1696928436,47.390133,19.522635,2775,173,186
1696928434,47.392227,19.522987,2775,170,196
1696928431,47.394882,19.524147,2775,169,202
1696928428,47.39653,19.525314,2775,165,215
1696928425,47.398884,19.527775,2750,164,222
1696928422,47.399963,19.529434,2750,161,231
1696928418,47.40184,19.533623,2750,156,248
1696928414,47.402748,19.537071,2750,154,258
1696928409,47.403076,19.542412,2750,151,276
1696928408,47.402939,19.54406,2750,150,280
1696928405,47.402618,19.546051,2750,148,295
1696928402,47.401749,19.549004,2750,148,309
1696928399,47.4007,19.551439,2750,147,320
1696928396,47.399185,19.553673,2750,148,331
1696928393,47.397392,19.555382,2750,148,335
1696928390,47.395485,19.556509,2750,148,346
1696928387,47.393345,19.557142,2750,151,1
1696928384,47.391529,19.557142,2750,151,8
1696928381,47.389015,19.556438,2750,153,22
1696928378,47.387009,19.555183,2750,156,36
1696928375,47.385406,19.553673,2775,158,42
1696928371,47.383614,19.551298,2775,161,53
1696928369,47.382339,19.548729,2775,163,59
1696928366,47.381424,19.546188,2775,165,69
1696928362,47.380497,19.541508,2775,168,85
1696928360,47.380264,19.538551,2750,170,95
1696928357,47.380402,19.534889,2775,173,104
1696928354,47.380775,19.532352,2775,174,110
1696928350,47.381653,19.528885,2775,175,120
1696928348,47.382915,19.525663,2775,176,126
1696928338,47.38813,19.517704,2750,176,137
1696928329,47.393482,19.510521,2775,178,137
1696928321,47.399094,19.502861,2750,179,137
1696928311,47.404312,19.49572,2750,180,137
1696928302,47.41008,19.487823,2750,181,137
1696928296,47.413513,19.483154,2750,182,136
1696928287,47.419086,19.47538,2750,183,136
1696928278,47.424774,19.467636,2750,185,137
1696928269,47.430912,19.459251,2750,188,137
1696928260,47.436264,19.451981,2750,191,137
1696928252,47.441898,19.444252,2750,193,136
1696928243,47.448322,19.435377,2750,195,137
1696928235,47.45377,19.427914,2750,197,136
1696928226,47.459198,19.420395,2775,199,137
1696928222,47.46117,19.417702,2775,200,137
1696928220,47.462997,19.415176,2775,200,137
1696928217,47.465286,19.412018,2775,200,136
1696928214,47.46727,19.40925,2750,200,136
1696928211,47.469223,19.406525,2725,200,136
1696928208,47.471054,19.403847,2700,200,135
1696928205,47.473133,19.400869,2650,200,135
1696928202,47.475174,19.397942,2600,200,134
1696928199,47.477234,19.394783,2575,200,133
1696928196,47.479019,19.391968,2525,200,129
1696928193,47.48085,19.388535,2475,200,123
1696928190,47.482258,19.385164,2450,201,114
1696928187,47.483284,19.381643,2425,201,104
1696928184,47.484028,19.377628,2375,200,98
1696928181,47.484352,19.373545,2350,200,90
1696928178,47.484306,19.369249,2300,197,82
1696928175,47.483795,19.365234,2275,196,73
1696928172,47.482956,19.361549,2250,194,64
1696928169,47.481701,19.35791,2200,191,56
1696928165,47.47998,19.354408,2175,189,51
1696928163,47.478561,19.351799,2150,189,50
1696928156,47.475044,19.345585,2075,186,49
1696928147,47.469955,19.336899,1950,182,48
1696928138,47.465012,19.328865,1850,178,46
1696928129,47.459866,19.321007,1700,174,45
1696928126,47.457504,19.317535,1625,173,45
1696928124,47.456234,19.315584,1575,173,45
1696928121,47.454746,19.313402,1525,172,45
1696928118,47.45293,19.310795,1450,172,44
1696928115,47.451279,19.308403,1400,172,44
1696928112,47.449539,19.305931,1350,172,43
1696928109,47.447762,19.303402,1275,172,43
1696928106,47.446228,19.301359,1200,173,42
1696928103,47.444225,19.298613,1125,173,41
1696928100,47.442688,19.29657,1050,174,38
1696928096,47.440594,19.294247,1000,177,29
1696928093,47.438553,19.292542,925,177,20
1696928090,47.436218,19.291306,875,179,11
1696928087,47.433704,19.290514,800,180,2
1696928084,47.431049,19.290443,725,181,353
1696928081,47.428482,19.290894,675,182,344
1696928078,47.426193,19.291924,625,183,335
1696928075,47.424042,19.293365,550,185,327
1696928072,47.421276,19.296078,475,186,320
1696928062,47.415253,19.304901,475,184,313
1696928054,47.410904,19.311699,600,184,313
1696928045,47.405399,19.320374,775,182,312
1696928036,47.400513,19.328178,900,181,313
1696928027,47.395248,19.336349,1050,178,313
1696928018,47.389938,19.344589,1200,174,313
1696928009,47.384777,19.352699,1350,170,313
1696928000,47.380169,19.359953,1500,166,313
1696927991,47.375469,19.367277,1625,161,312
1696927982,47.371078,19.374252,1750,158,312
1696927973,47.366577,19.381502,1900,152,312
1696927964,47.362335,19.38826,2025,147,312
1696927961,47.360897,19.390516,2075,145,312
1696927958,47.35936,19.392929,2100,144,312
1696927955,47.35817,19.394852,2150,143,313
1696927952,47.356892,19.396925,2175,141,313
1696927949,47.35545,19.399179,2200,140,313
1696927946,47.354099,19.401222,2225,140,314
1696927943,47.352798,19.403124,2250,140,315
1696927940,47.351028,19.405769,2250,140,315
1696927937,47.349838,19.407555,2275,140,313
1696927934,47.34856,19.409603,2250,141,304
1696927931,47.347458,19.412018,2250,142,291
1696927928,47.34679,19.414461,2250,144,282
1696927925,47.346325,19.417349,2275,145,277
1696927916,47.345627,19.426222,2250,149,276
1696927907,47.344975,19.435448,2250,153,275
1696927904,47.344791,19.438618,2275,154,275
1696927901,47.344574,19.441612,2300,156,275
1696927898,47.344345,19.444771,2350,154,275
1696927895,47.344116,19.448135,2375,154,275
1696927891,47.343906,19.451365,2425,154,275
1696927888,47.343719,19.454533,2475,154,274
1696927885,47.343567,19.457748,2500,154,274
1696927882,47.34343,19.460701,2550,153,273
1696927879,47.343292,19.463997,2575,153,272
1696927876,47.343208,19.46707,2625,152,270
1696927873,47.343201,19.470245,2650,150,266
1696927870,47.3433,19.473196,2700,150,262
1696927867,47.343613,19.476357,2725,148,257
1696927864,47.344025,19.479103,2725,148,249
1696927861,47.344837,19.48221,2750,150,234
1696927858,47.345955,19.484816,2750,152,223
1696927855,47.347458,19.487206,2750,156,215
1696927852,47.349167,19.488901,2750,159,206
1696927849,47.351307,19.49045,2750,160,202
1696927846,47.353355,19.491718,2750,161,202
1696927843,47.355404,19.492985,2750,161,202
1696927840,47.357639,19.494324,2750,162,201
1696927837,47.359497,19.495377,2750,162,201
1696927834,47.361641,19.496647,2750,161,201
1696927831,47.3638,19.497849,2750,162,201
1696927828,47.366638,19.499428,2775,162,199
1696927825,47.367832,19.500099,2775,162,196
1696927822,47.369976,19.501085,2750,164,192
1696927818,47.372726,19.501831,2750,168,176
1696927816,47.374489,19.50193,2750,169,173
1696927813,47.376816,19.501436,2750,174,149
1696927810,47.379982,19.499817,2750,174,149
1696927804,47.384266,19.495239,2750,175,138
1696927795,47.389202,19.488619,2750,175,137
1696927786,47.394058,19.482056,2750,176,137
1696927777,47.399536,19.474606,2750,178,137
1696927768,47.405045,19.467087,2750,179,137
1696927759,47.410568,19.459534,2775,179,137
1696927750,47.41626,19.451775,2750,181,137
1696927741,47.421661,19.444359,2750,181,137
1696927732,47.427246,19.436737,2750,183,137
1696927722,47.433052,19.428829,2750,186,137
1696927713,47.438732,19.421082,2750,187,136
1696927704,47.444412,19.413322,2750,189,137
1696927698,47.44846,19.407772,2750,191,137
1696927689,47.454391,19.399727,2775,193,137
1696927680,47.460205,19.39183,2775,194,137
1696927677,47.462429,19.388826,2775,194,137
1696927674,47.464188,19.386406,2775,194,136
1696927671,47.466293,19.383522,2775,193,136
1696927668,47.468124,19.380981,2750,192,136
1696927665,47.470387,19.37784,2725,191,136
1696927662,47.472244,19.375214,2700,190,136
1696927659,47.474205,19.372417,2675,190,136
1696927656,47.476112,19.369741,2650,188,134
1696927653,47.477695,19.367348,2625,188,133
1696927647,47.481281,19.361361,2575,186,127
1696927638,47.486023,19.352211,2500,183,126
1696927629,47.490463,19.343353,2425,181,126
1696927626,47.492172,19.339882,2375,179,126
1696927623,47.493572,19.337135,2350,179,126
1696927620,47.495361,19.333466,2300,178,126
1696927616,47.496826,19.330513,2250,178,125
1696927614,47.497971,19.328178,2225,177,125
1696927611,47.499435,19.325092,2200,177,125
1696927608,47.5009,19.321999,2150,178,124
1696927605,47.502319,19.319046,2100,178,124
1696927602,47.503674,19.316078,2075,178,122
1696927599,47.504974,19.312866,2050,179,117
1696927596,47.505955,19.309879,2000,179,109
1696927593,47.506714,19.306274,1975,179,99
1696927590,47.507072,19.302486,1950,180,90
1696927587,47.507034,19.298927,1925,180,78
1696927584,47.506622,19.295494,1900,179,72
1696927581,47.505615,19.291649,1850,179,62
1696927578,47.504379,19.28849,1825,178,51
1696927574,47.502823,19.285538,1800,179,48
1696927565,47.497852,19.277273,1750,177,48
1696927560,47.494781,19.272203,1775,177,48
1696927557,47.493011,19.269316,1775,175,47
1696927554,47.491474,19.26685,1775,174,47
1696927550,47.489521,19.263681,1775,172,46
1696927547,47.488029,19.261288,1750,169,45
1696927545,47.486526,19.259033,1725,168,45
1696927541,47.484695,19.256287,1675,166,44
1696927538,47.483139,19.254021,1625,168,44
1696927535,47.481468,19.251638,1550,168,43
1696927532,47.479744,19.249174,1500,169,43
1696927530,47.478058,19.24688,1425,171,42
1696927526,47.476112,19.244314,1325,172,38
1696927523,47.474442,19.242348,1275,175,31
1696927521,47.472382,19.240425,1200,176,22
1696927517,47.470139,19.239052,1150,178,13
1696927515,47.467758,19.238159,1075,180,4
1696927511,47.46492,19.237816,1000,182,355
1696927508,47.462475,19.238188,950,184,346
1696927505,47.459961,19.239103,875,186,337
1696927502,47.457504,19.240562,800,188,329
1696927499,47.455582,19.242348,750,189,320
1696927493,47.45158,19.247623,575,195,313
1696927486,47.446972,19.254948,375,203,312
1696927476,47.44043,19.265556,325,201,312
1696927466,47.434341,19.275375,300,196,311
1696927455,47.427887,19.285812,250,191,312
1696927444,47.42123,19.29657,325,189,312
1696927436,47.41658,19.304146,450,188,312
1696927429,47.412369,19.310944,575,187,312
1696927420,47.406784,19.320007,750,186,312
1696927411,47.401794,19.328041,900,184,312
1696927401,47.396461,19.336641,1050,182,312
1696927392,47.391403,19.344795,1200,180,312
1696927383,47.386223,19.353191,1350,176,312
1696927374,47.381428,19.36101,1500,173,312
1696927365,47.376526,19.368896,1625,170,312
1696927356,47.371811,19.376587,1775,168,312
1696927347,47.36718,19.384108,1900,165,312
1696927338,47.362518,19.391762,2050,164,312
1696927329,47.357849,19.399315,2200,164,312
1696927320,47.353214,19.406786,2325,161,312
1696927311,47.348793,19.413898,2475,159,312
1696927302,47.344162,19.421288,2625,157,312
1696927293,47.33963,19.428497,2750,154,312
1696927284,47.335339,19.435307,2900,152,312
1696927275,47.331024,19.44223,3025,150,312
1696927266,47.326721,19.449028,3150,147,312
1696927257,47.322739,19.455345,3225,147,313
1696927248,47.318394,19.46228,3250,150,312
1696927239,47.314133,19.469009,3275,153,312
1696927230,47.309734,19.475943,3275,153,312
1696927220,47.305359,19.483055,3250,152,312
1696927212,47.301125,19.489817,3275,152,312
1696927202,47.2966,19.497093,3275,153,312
1696927193,47.292511,19.50362,3275,152,312
1696927185,47.288269,19.510483,3275,152,312
1696927175,47.283665,19.517916,3275,152,312
1696927166,47.279522,19.524677,3275,151,312
1696927157,47.275333,19.531368,3250,151,312
1696927148,47.271004,19.53834,3275,151,312
1696927139,47.266479,19.545433,3275,150,313
1696927130,47.262314,19.552025,3250,149,313
1696927121,47.258156,19.558481,3275,149,313
1696927112,47.253983,19.565002,3275,147,313
1696927109,47.25243,19.567425,3275,147,313
1696927106,47.251125,19.569468,3275,146,313
1696927103,47.24968,19.571732,3275,145,312
1696927100,47.248055,19.574257,3275,145,312
1696927097,47.246933,19.576057,3275,144,312
1696927094,47.245541,19.578341,3275,144,311
1696927091,47.244144,19.580666,3275,143,310
1696927088,47.242935,19.582706,3250,143,309
1696927085,47.241585,19.585102,3275,142,309
1696927082,47.239975,19.588005,3275,141,308
1696927079,47.239208,19.589468,3275,140,307
1696927076,47.238007,19.59185,3275,140,306
1696927073,47.236771,19.594322,3275,140,305
1696927070,47.235531,19.596792,3275,138,305
1696927067,47.234573,19.598717,3275,137,303
1696927064,47.233578,19.601017,3275,137,296
1696927061,47.232693,19.603905,3275,138,285
1696927058,47.232319,19.60651,3275,141,272
1696927055,47.232273,19.609398,3275,141,264
1696927052,47.232506,19.612427,3275,142,262
1696927049,47.232738,19.614891,3275,141,261
1696927045,47.233063,19.618343,3250,141,261
1696927043,47.233337,19.620758,3250,141,261
1696927040,47.233669,19.623905,3250,141,261
1696927037,47.233994,19.626722,3250,142,259
1696927034,47.234344,19.629478,3250,143,255
1696927031,47.234928,19.632427,3250,146,245
1696927027,47.236275,19.635878,3250,151,230
1696927025,47.23716,19.637499,3275,154,223
1696927015,47.241943,19.643898,3250,154,221
1696927007,47.246845,19.650246,3250,154,221
1696927003,47.248566,19.652428,3250,155,221
1696927000,47.25,19.654335,3250,155,221
1696926997,47.251686,19.656443,3250,156,221
1696926994,47.253315,19.658556,3250,155,221
1696926992,47.254761,19.660378,3250,155,220
1696926989,47.256435,19.662569,3250,155,220
1696926985,47.258286,19.664772,3250,155,219
1696926982,47.259972,19.666866,3250,155,219
1696926980,47.261627,19.668823,3250,156,217
1696926976,47.263321,19.670746,3250,156,215
1696926973,47.265106,19.6726,3250,158,208
1696926971,47.267029,19.674179,3250,161,199
1696926967,47.269043,19.67514,3275,165,189
1696926964,47.271515,19.675739,3275,167,182
1696926961,47.273659,19.675669,3275,169,172
1696926958,47.275986,19.675106,3250,172,159
1696926955,47.278152,19.673904,3250,174,149
1696926953,47.280174,19.672148,3250,175,142
1696926949,47.282318,19.669613,3250,176,136
1696926940,47.287251,19.661936,3250,177,132
1696926934,47.290787,19.656395,3250,179,132
1696926925,47.295776,19.648567,3250,180,132
1696926916,47.300903,19.640465,3250,182,132
1696926907,47.306351,19.631882,3275,184,133
1696926898,47.311691,19.623554,3275,186,133
1696926889,47.317108,19.615128,3250,189,133
1696926880,47.322281,19.607025,3250,191,133
1696926871,47.327774,19.598373,3275,193,132
1696926862,47.333572,19.589256,3275,194,132
1696926852,47.339127,19.580452,3275,193,132
1696926844,47.344559,19.571932,3275,193,133
1696926835,47.350052,19.563271,3275,193,133
1696926826,47.355545,19.554678,3250,193,133
1696926817,47.361053,19.545914,3250,192,132
1696926808,47.366482,19.537354,3275,194,132
1696926799,47.371929,19.52869,3275,193,132
1696926790,47.37775,19.519396,3275,193,132
1696926780,47.383026,19.510963,3275,193,132
1696926771,47.388363,19.502281,3250,191,132
1696926768,47.390167,19.49929,3250,191,132
1696926765,47.391953,19.496407,3250,191,132
1696926762,47.3936,19.49366,3225,191,131
1696926759,47.395386,19.490776,3200,192,131
1696926756,47.397442,19.487352,3175,191,131
1696926753,47.399071,19.484606,3150,191,131
1696926750,47.4007,19.48193,3125,190,130
1696926747,47.402481,19.478828,3100,190,129
1696926738,47.407261,19.469393,3025,190,123
1696926735,47.408844,19.465782,3000,189,123
1696926732,47.410194,19.462914,2975,189,123
1696926729,47.411682,19.459534,2950,189,123
1696926726,47.413147,19.456306,2925,190,123
1696926723,47.41457,19.453196,2900,190,123
1696926720,47.416016,19.449955,2875,190,123
1696926717,47.417549,19.446434,2850,189,123
1696926714,47.418961,19.443329,2825,190,122
1696926711,47.420471,19.439827,2800,190,121
1696926708,47.421844,19.436531,2775,190,118
1696926705,47.423138,19.432983,2750,189,113
1696926702,47.42416,19.429392,2725,188,110
1696926699,47.425095,19.425957,2700,188,110
1696926696,47.42601,19.422318,2675,188,110
1696926693,47.426907,19.418827,2650,188,110
1696926690,47.427933,19.414743,2625,188,110
1696926687,47.428677,19.411573,2600,188,109
1696926684,47.429562,19.407982,2575,188,109
1696926681,47.430584,19.403828,2550,188,108
1696926678,47.431282,19.400658,2525,188,106
1696926674,47.432167,19.396221,2500,188,101
1696926666,47.433517,19.38439,2425,187,98
1696926663,47.433937,19.380587,2400,187,98
1696926659,47.43425,19.37693,2375,187,98
1696926657,47.434616,19.37336,2350,188,97
1696926654,47.434982,19.369583,2325,187,97
1696926651,47.435287,19.36615,2300,188,97
1696926647,47.435623,19.362167,2275,188,97
1696926644,47.435989,19.358391,2250,189,96
1696926641,47.436264,19.354389,2200,189,96
1696926638,47.436584,19.350426,2175,189,95
1696926636,47.436813,19.346855,2150,190,93
1696926632,47.436951,19.342941,2125,190,89
1696926629,47.436905,19.338821,2100,190,81
1696926626,47.436493,19.334976,2075,190,72
1696926623,47.435753,19.33143,2025,189,64
1696926620,47.434635,19.327909,2000,190,56
1696926617,47.433147,19.324669,1975,191,47
1696926614,47.431274,19.321724,1950,191,39
1696926611,47.429283,19.319317,1900,192,30
1696926608,47.426926,19.317261,1875,194,22
1696926605,47.424225,19.315681,1850,196,10
1696926602,47.421753,19.314857,1800,198,5
1696926599,47.419086,19.314528,1775,200,357
1696926596,47.415665,19.314857,1750,201,346
1696926593,47.413406,19.315584,1725,203,340
1696926590,47.410942,19.316853,1700,205,331
1696926587,47.408428,19.318825,1675,205,323
1696926581,47.403992,19.324402,1675,207,313
1696926572,47.398045,19.333824,1675,207,312
1696926563,47.392044,19.343491,1675,206,312
1696926554,47.386456,19.352558,1675,206,312
1696926545,47.380371,19.362373,1675,205,312
1696926536,47.374832,19.371231,1650,205,312
1696926527,47.368904,19.380798,1650,204,312
1696926518,47.363113,19.390114,1675,203,312
1696926509,47.357174,19.399601,1675,202,312
1696926500,47.351772,19.408264,1675,200,312
1696926491,47.34586,19.417702,1675,198,312
1696926482,47.340508,19.426222,1675,197,312
1696926473,47.334869,19.435226,1675,195,312
1696926464,47.329334,19.44404,1675,193,312
1696926454,47.3237,19.452942,1675,189,312
1696926451,47.321915,19.455826,1675,188,312
1696926448,47.320267,19.458435,1675,186,312
1696926445,47.318439,19.461294,1675,185,312
1696926442,47.316422,19.464546,1675,183,312
1696926439,47.314911,19.466949,1675,182,312
1696926436,47.313217,19.469696,1675,181,312
1696926433,47.311459,19.472492,1675,179,312
1696926430,47.30983,19.475121,1675,178,311
1696926427,47.308105,19.477915,1675,176,308
1696926424,47.306671,19.480682,1675,176,301
1696926421,47.305405,19.48362,1650,176,298
1696926418,47.304058,19.487423,1650,176,295
1696926415,47.303101,19.490364,1650,176,292
1696926412,47.302277,19.493248,1650,176,289
1696926409,47.301449,19.496717,1650,175,286
1696926406,47.300751,19.50017,1675,176,282
1696926403,47.300217,19.503822,1650,176,280
1696926400,47.299774,19.507494,1675,176,280
1696926397,47.299301,19.511169,1650,176,279
1696926394,47.298889,19.514536,1650,176,279
1696926391,47.29847,19.518339,1650,176,279
1696926388,47.29805,19.521931,1650,176,279
1696926385,47.297653,19.525589,1650,176,279
1696926382,47.297306,19.528761,1650,176,279
1696926379,47.296829,19.532661,1650,175,277
1696926376,47.296421,19.536791,1650,175,274
1696926373,47.296375,19.540382,1675,175,266
1696926370,47.296562,19.542988,1675,174,255
1696926364,47.297867,19.550312,1650,174,252
1696926361,47.298565,19.55348,1650,174,252
1696926358,47.299355,19.557072,1650,174,252
1696926355,47.300125,19.560539,1650,174,252
1696926352,47.300766,19.563492,1650,174,252
1696926349,47.301544,19.567003,1650,174,251
1696926346,47.302242,19.570383,1650,173,251
1696926343,47.303032,19.573763,1650,173,251
1696926340,47.303787,19.577225,1650,173,250
1696926337,47.304569,19.580454,1675,173,249
1696926334,47.305454,19.583763,1675,172,243
1696926331,47.306488,19.586769,1675,171,235
1696926328,47.308151,19.590031,1675,172,222
1696926325,47.30983,19.5924,1650,171,213
1696926322,47.311798,19.594322,1650,171,206
1696926319,47.314018,19.595806,1650,170,193
1696926316,47.316101,19.596657,1650,170,187
1696926313,47.318436,19.597,1675,169,174
1696926310,47.320953,19.596725,1675,170,164
1696926307,47.323242,19.595901,1675,169,158
1696926304,47.325943,19.594048,1675,169,148
1696926298,47.329102,19.59034,1675,168,136
1696926291,47.333084,19.584778,1650,167,136
1696926281,47.338348,19.577431,1650,166,136
1696926278,47.340042,19.575096,1650,166,136
1696926275,47.341827,19.572624,1650,166,136
1696926272,47.3433,19.570524,1650,165,136
1696926269,47.34507,19.568058,1675,166,136
1696926266,47.346817,19.56562,1675,164,136
1696926263,47.348515,19.5632,1675,164,135
1696926260,47.349911,19.561228,1675,163,135
1696926256,47.352379,19.557566,1675,163,131
1696926248,47.355915,19.551298,1650,162,128
1696926239,47.360413,19.543236,1650,160,128
1696926230,47.36467,19.535339,1650,161,128
1696926221,47.368835,19.527786,1650,162,128
1696926213,47.372635,19.520851,1650,166,129
1696926205,47.376678,19.51355,1650,171,129
1696926197,47.380966,19.505882,1650,181,129
1696926188,47.385635,19.497505,1650,191,129
1696926179,47.390671,19.48851,1675,196,129
1696926170,47.396072,19.47876,1675,196,129
1696926161,47.401722,19.468407,1650,196,129
1696926154,47.406281,19.460152,1650,196,129
1696926150,47.407448,19.457985,1650,198,129
1696926146,47.409775,19.453829,1650,196,129
1696926142,47.411774,19.450195,1650,198,129
1696926138,47.414387,19.445518,1650,197,129
1696926134,47.416107,19.44235,1650,197,128
1696926132,47.417831,19.43918,1675,197,127
1696926129,47.419327,19.436325,1675,196,125
1696926126,47.420883,19.433029,1675,197,121
1696926122,47.42244,19.429115,1675,196,117
1696926121,47.423229,19.426857,1675,197,117
1696926117,47.42514,19.421494,1675,197,117
1696926115,47.425789,19.419674,1675,197,117
1696926111,47.427063,19.416,1675,197,117
1696926108,47.428352,19.412279,1650,197,117
1696926105,47.429607,19.408688,1650,197,116
1696926101,47.431702,19.4027,1675,197,115
1696926100,47.43187,19.402061,1675,197,115
1696926097,47.433105,19.398422,1675,197,113
1696926093,47.434448,19.393616,1675,197,105
1696926092,47.434845,19.391418,1675,197,101
1696926089,47.435303,19.38826,1675,197,97
1696926083,47.43594,19.380095,1675,197,95
1696926080,47.436172,19.376175,1675,197,95
1696926077,47.436497,19.37122,1675,197,94
1696926074,47.43663,19.368416,1675,197,94
1696926071,47.436962,19.362911,1675,197,94
1696926067,47.437134,19.359558,1675,197,94
1696926065,47.43729,19.356432,1675,197,93
1696926062,47.437546,19.3507,1675,197,93
1696926059,47.437637,19.347748,1675,197,91
1696926055,47.437637,19.343216,1675,196,85
1696926052,47.437382,19.339037,1675,197,77
1696926049,47.436768,19.335251,1675,197,69
1696926046,47.435753,19.33136,1675,198,61
1696926043,47.434387,19.327698,1675,198,53
1696926040,47.432728,19.324598,1675,200,45
1696926037,47.430634,19.321501,1675,200,37
1696926034,47.428398,19.319105,1675,200,29
1696926031,47.425873,19.317123,1675,200,21
1696926028,47.422951,19.315655,1675,201,13
1696926025,47.420437,19.31488,1675,200,5
1696926022,47.417831,19.314598,1675,201,357
1696926019,47.415035,19.31488,1675,201,349
1696926016,47.412369,19.315681,1675,202,340
1696926013,47.409393,19.317329,1675,202,332
1696926010,47.407028,19.319317,1675,203,323
1696926007,47.404701,19.322063,1675,204,316
1696926001,47.400925,19.327698,1650,203,312
1696925992,47.395206,19.337065,1675,203,312
1696925983,47.389435,19.346571,1675,203,311
1696925974,47.384033,19.355726,1650,203,310
1696925965,47.37854,19.365234,1650,203,310
1696925956,47.372581,19.375658,1650,204,310
1696925947,47.367462,19.384689,1675,203,309
1696925938,47.361969,19.39432,1675,203,310
1696925935,47.360245,19.397278,1650,203,310
1696925931,47.358353,19.400551,1650,203,311
1696925928,47.356426,19.403757,1650,202,311
1696925926,47.354565,19.406857,1650,202,311
1696925922,47.352585,19.410027,1650,203,312
1696925919,47.350708,19.413116,1650,203,313
1696925916,47.348785,19.416138,1650,203,313
1696925913,47.346817,19.419159,1650,202,314
1696925911,47.345123,19.4217,1650,202,314
1696925907,47.342834,19.425064,1650,203,315
1696925904,47.340958,19.427742,1650,204,316
1696925901,47.338596,19.431082,1650,203,316
1696925899,47.336784,19.433546,1650,204,317
1696925895,47.334549,19.436504,1650,204,318
1696925892,47.332405,19.439251,1650,203,319
1696925889,47.330475,19.44175,1650,203,319
1696925886,47.328186,19.444565,1650,203,320
1696925883,47.325657,19.447702,1675,203,320
1696925880,47.323608,19.450096,1675,203,321
1696925877,47.321701,19.452351,1675,204,321
1696925874,47.319653,19.454744,1675,203,322
1696925868,47.314774,19.46022,1675,203,324
1696925865,47.312389,19.462633,1675,202,326
1696925862,47.310062,19.464956,1675,202,327
1696925858,47.307175,19.467562,1675,202,329
1696925856,47.305161,19.469353,1650,202,330
1696925854,47.303127,19.471012,1650,202,330
1696925851,47.300949,19.472855,1650,202,331
1696925847,47.297653,19.475464,1675,201,331
1696925843,47.29454,19.478004,1675,202,325
1696925839,47.291336,19.4813,1650,201,318
1696925835,47.288681,19.485214,1650,202,304
1696925831,47.286438,19.490227,1650,202,296
1696925827,47.28511,19.494827,1650,202,286
1696925823,47.284286,19.500183,1650,204,272
1696925819,47.28418,19.505873,1650,203,261
1696925815,47.28479,19.511444,1650,202,251
1696925811,47.285995,19.516508,1675,202,237
1696925807,47.287994,19.521437,1675,202,216
1696925803,47.290283,19.525246,1675,202,218
1696925799,47.293213,19.52861,1675,201,208
1696925795,47.296421,19.531086,1675,202,197
1696925787,47.303871,19.533268,1650,200,175
1696925739,47.339066,19.495522,1675,198,137
1696925729,47.345078,19.487343,1675,198,137
1696925720,47.351532,19.478485,1650,199,137
1696925711,47.357174,19.470802,1650,199,137
1696925702,47.363434,19.46228,1650,198,137
1696925693,47.369385,19.454178,1650,198,137
1696925684,47.375748,19.445526,1650,198,137
1696925675,47.381565,19.43749,1650,198,137
1696925666,47.387756,19.429039,1675,198,136
1696925657,47.393902,19.420519,1675,198,136
1696925648,47.400047,19.412067,1675,197,136
1696925639,47.405823,19.403984,1650,197,136
1696925630,47.411823,19.395588,1675,197,136
1696925627,47.413605,19.393066,1675,197,135
1696925624,47.415737,19.389954,1675,196,134
1696925621,47.417679,19.386955,1675,196,133
1696925618,47.419647,19.383898,1675,197,133
1696925615,47.421478,19.381119,1675,197,133
1696925612,47.423355,19.378166,1650,197,133
1696925609,47.425232,19.375282,1650,197,133
1696925606,47.427139,19.372206,1650,197,132
1696925603,47.429077,19.369171,1650,197,132
1696925600,47.430725,19.366432,1675,197,130
1696925597,47.432632,19.363192,1675,196,125
1696925594,47.434544,19.359249,1675,196,118
1696925591,47.436031,19.354671,1675,196,107
1696925588,47.436493,19.35276,1675,197,101
1696925585,47.437088,19.348846,1675,197,96
1696925582,47.43729,19.344389,1675,197,85
1696925578,47.437103,19.340374,1675,197,77
1696925576,47.436584,19.33683,1675,198,72
1696925573,47.435623,19.332985,1650,198,61
1696925570,47.434341,19.329414,1650,199,52
1696925566,47.432541,19.325796,1675,199,44
1696925564,47.430725,19.32312,1675,198,39
1696925560,47.427979,19.320145,1675,200,25
1696925558,47.426331,19.31884,1675,199,20
1696925554,47.422897,19.316917,1675,200,10
1696925552,47.420883,19.316299,1675,200,7
1696925549,47.418388,19.315937,1675,200,356
1696925546,47.413834,19.316437,1650,202,345
1696925543,47.412048,19.317055,1650,202,340
1696925540,47.408985,19.318895,1650,202,328
1696925537,47.407543,19.320091,1650,202,322
1696925534,47.405182,19.322617,1650,201,318
1696925531,47.403397,19.32502,1675,202,313
1696925522,47.397533,19.33453,1650,202,312
1696925514,47.391251,19.34474,1650,202,312
1696925506,47.387337,19.351009,1650,202,312
1696925498,47.38266,19.358734,1675,201,311
1696925488,47.376389,19.368896,1675,202,312
1696925482,47.37236,19.375488,1650,203,312
1696925473,47.366913,19.384277,1650,203,312
1696925464,47.361038,19.393757,1675,203,312
1696925455,47.355515,19.402679,1675,203,312
1696925446,47.349445,19.412279,1675,203,312
1696925437,47.343811,19.421152,1675,202,313
1696925428,47.338131,19.430025,1675,203,313
1696925419,47.332031,19.439552,1675,203,313
1696925410,47.326309,19.448341,1675,203,313
1696925401,47.320305,19.457632,1675,203,313
1696925398,47.318298,19.460701,1650,202,313
1696925395,47.31665,19.46331,1675,203,313
1696925391,47.314453,19.466743,1675,203,312
1696925388,47.312531,19.469765,1675,202,312
1696925386,47.310574,19.472914,1650,202,312
1696925383,47.308945,19.47559,1650,202,311
1696925380,47.307083,19.478689,1650,202,310
1696925376,47.305206,19.481918,1650,202,309
1696925374,47.303375,19.485077,1650,202,309
1696925370,47.301636,19.488304,1650,202,308
1696925367,47.29982,19.491577,1650,202,308
1696925364,47.298019,19.494965,1650,202,307
1696925361,47.296375,19.498127,1650,202,305
1696925358,47.294746,19.501436,1650,201,302
1696925355,47.293076,19.505333,1650,201,294
1696925352,47.292023,19.508835,1650,201,286
1696925349,47.291153,19.513298,1675,201,278
1696925346,47.290836,19.516649,1675,201,270
1696925343,47.290924,19.522774,1650,200,262
1696925340,47.291199,19.524971,1650,201,254
1696925337,47.292,19.529325,1650,201,243
1696925334,47.293121,19.532936,1650,202,238
1696925331,47.294605,19.536226,1650,201,230
1696925328,47.296654,19.539818,1650,202,219
1696925325,47.298431,19.542068,1650,201,213
1696925322,47.301041,19.544609,1675,200,205
1696925319,47.303604,19.546257,1675,200,196
1696925316,47.306122,19.547287,1675,199,189
1696925313,47.308868,19.547905,1675,199,185
1696925310,47.311504,19.548269,1675,199,184
1696925307,47.314297,19.548622,1675,200,184
1696925304,47.317043,19.548903,1650,199,184
1696925301,47.319977,19.549255,1650,199,184
1696925297,47.323196,19.549553,1650,199,183
1696925295,47.32589,19.549818,1650,200,182
1696925293,47.327751,19.549959,1650,200,181
1696925290,47.330124,19.55003,1650,198,166
1696925287,47.333057,19.549608,1650,198,166
1696925284,47.335693,19.548729,1650,198,162
1696925280,47.339539,19.546875,1675,198,159
1696925278,47.340832,19.546156,1675,198,159
1696925275,47.343475,19.544678,1675,198,156
1696925272,47.346233,19.542847,1675,198,154
1696925269,47.348785,19.541107,1675,198,154
1696925266,47.350842,19.539608,1675,198,154
1696925263,47.354984,19.53672,1675,198,153
1696925260,47.355961,19.536015,1675,198,153
1696925257,47.358536,19.534172,1675,198,153
1696925254,47.360897,19.532423,1675,198,151
1696925251,47.363388,19.530396,1675,198,147
1696925247,47.366112,19.527845,1650,198,146
1696925245,47.368111,19.525944,1650,198,145
1696925241,47.370533,19.523479,1650,198,144
1696925238,47.373188,19.520592,1650,198,141
1696925235,47.37505,19.51841,1650,199,139
1696925233,47.376801,19.516182,1650,199,137
1696925230,47.378864,19.513268,1650,199,136
1696925226,47.381058,19.510208,1675,200,136
1696925223,47.383072,19.507393,1650,198,136
1696925221,47.38504,19.504578,1675,198,136
1696925218,47.38678,19.502106,1675,198,136
1696925214,47.389107,19.498831,1675,198,136
1696925212,47.390781,19.496367,1675,199,135
1696925208,47.39296,19.493248,1675,198,133
1696925205,47.394787,19.490379,1650,198,131
1696925202,47.39679,19.487141,1650,199,130
1696925200,47.398323,19.484465,1650,199,129
1696925196,47.400093,19.481295,1650,199,128
1696925193,47.402004,19.477703,1650,199,125
1696925190,47.403957,19.47369,1650,199,122
1696925187,47.405121,19.470873,1650,199,120
1696925184,47.406471,19.46735,1650,199,119
1696925181,47.4077,19.464134,1650,200,119
1696925178,47.409126,19.46052,1675,199,119
1696925175,47.4104,19.457062,1675,198,118
1696925166,47.4142,19.44573,1675,198,113
1696925157,47.417542,19.434471,1675,198,113
1696925154,47.41864,19.430763,1675,198,113
1696925151,47.419739,19.426857,1675,198,113
1696925148,47.420792,19.423279,1675,198,113
1696925145,47.421928,19.419462,1675,198,113
1696925142,47.422905,19.415941,1675,198,113
1696925139,47.424068,19.411997,1675,198,112
1696925136,47.425232,19.407982,1675,198,112
1696925133,47.426254,19.404249,1675,198,111
1696925130,47.42728,19.400448,1675,198,109
1696925121,47.429794,19.388897,1675,199,107
1696925118,47.430634,19.384953,1675,198,107
1696925115,47.431515,19.380869,1675,198,107
1696925112,47.432262,19.377207,1675,198,106
1696925109,47.433052,19.373333,1675,198,106
1696925106,47.433937,19.369179,1675,198,106
1696925103,47.434635,19.365587,1650,198,106
1696925100,47.43544,19.361549,1650,198,105
1696925097,47.436218,19.357361,1675,198,105
1696925094,47.436905,19.353447,1675,198,103
1696925090,47.4375,19.349464,1675,198,96
1696925088,47.437775,19.345688,1675,198,90
1696925085,47.437756,19.341501,1675,198,82
1696925082,47.437317,19.337654,1675,198,74
1696925079,47.436405,19.333403,1675,199,66
1696925076,47.43512,19.32962,1675,199,58
1696925073,47.433846,19.326712,1675,199,50
1696925069,47.431824,19.323372,1675,199,39
1696925067,47.429794,19.320866,1675,200,34
1696925063,47.427383,19.318565,1675,198,23
1696925061,47.424625,19.316782,1675,200,18
1696925058,47.422394,19.315887,1675,199,10
1696925055,47.419647,19.315269,1675,199,2
1696925052,47.416805,19.315233,1675,199,353
1696925048,47.413872,19.315937,1675,199,342
1696925046,47.411499,19.316986,1675,199,334
1696925042,47.408428,19.319176,1650,200,325
1696925040,47.406612,19.321077,1650,200,320
1696925033,47.402607,19.326853,1650,201,311
1696925024,47.396851,19.336349,1650,201,311
1696925015,47.391266,19.345551,1650,200,311
1696925009,47.387421,19.351868,1675,200,312
1696925000,47.381836,19.360931,1675,200,312
1696924991,47.376259,19.369883,1675,200,312
1696924982,47.370579,19.378897,1675,200,313
1696924973,47.364574,19.388193,1650,200,313
1696924963,47.358353,19.397804,1650,200,314
1696924955,47.35154,19.408123,1650,201,314
1696924946,47.347256,19.414602,1675,202,314
1696924937,47.341049,19.423965,1675,201,313
1696924928,47.335201,19.432983,1675,202,313
1696924925,47.332947,19.436462,1675,201,313
1696924922,47.331024,19.439484,1675,201,312
1696924919,47.329708,19.441647,1675,201,312
1696924916,47.327499,19.445183,1675,201,311
1696924913,47.325844,19.447914,1675,201,311
1696924910,47.324074,19.450802,1675,201,311
1696924907,47.322189,19.454041,1675,202,310
1696924904,47.320305,19.457279,1675,202,310
1696924901,47.318436,19.460495,1675,202,309
1696924897,47.316624,19.463829,1675,202,308
1696924894,47.314682,19.467361,1675,202,307
1696924891,47.31308,19.470451,1675,202,306
1696924888,47.311066,19.474434,1675,203,306
1696924886,47.309875,19.476788,1675,202,305
1696924882,47.30806,19.480591,1675,203,305
1696924879,47.30658,19.483635,1675,202,304
1696924877,47.305035,19.486929,1675,203,305
1696924873,47.303375,19.490433,1650,203,305
1696924870,47.301498,19.494209,1650,203,302
1696924867,47.300217,19.497299,1650,203,295
1696924864,47.298843,19.501556,1650,203,287
1696924861,47.2981,19.505381,1650,203,280
1696924858,47.297562,19.50959,1650,202,275
1696924855,47.297333,19.513435,1650,203,270
1696924852,47.297333,19.518173,1650,203,266
1696924849,47.297516,19.521744,1650,203,262
1696924846,47.297958,19.526791,1650,203,258
1696924843,47.298386,19.529915,1650,204,254
1696924840,47.29921,19.534241,1650,203,248
1696924837,47.300217,19.538086,1650,204,241
1696924834,47.301636,19.541861,1650,203,235
1696924831,47.303101,19.544884,1650,203,229
1696924828,47.304977,19.548042,1650,203,222
1696924825,47.307129,19.550875,1650,204,216
1696924822,47.309647,19.553535,1675,204,211
1696924819,47.312119,19.555664,1675,203,205
1696924816,47.314579,19.557283,1650,204,200
1696924813,47.31723,19.558764,1650,203,198
1696924810,47.319992,19.560127,1650,204,198
1696924807,47.32251,19.561363,1650,204,198
1696924804,47.325577,19.562874,1650,204,196
1696924801,47.329376,19.564384,1650,204,193
1696924798,47.330887,19.564865,1650,204,188
1696924792,47.336411,19.565594,1675,204,181
1696924783,47.344883,19.565805,1700,202,180
1696924774,47.353634,19.565947,1725,200,180
1696924771,47.356476,19.565964,1725,199,180
1696924768,47.358902,19.565964,1750,199,180
1696924765,47.361649,19.565964,1750,198,179
1696924762,47.364483,19.565947,1750,198,179
1696924759,47.367325,19.565895,1750,197,179
1696924756,47.370026,19.565826,1750,197,179
1696924753,47.37286,19.565735,1750,197,178
1696924750,47.375607,19.565664,1750,197,178
1696924746,47.378307,19.565594,1750,196,177
1696924744,47.381054,19.565311,1750,196,174
1696924741,47.383568,19.56489,1750,195,168
1696924738,47.386269,19.563904,1750,194,158
1696924735,47.388874,19.562426,1775,194,152
1696924731,47.391357,19.560608,1775,193,147
1696924728,47.393784,19.558342,1775,192,142
1696924725,47.39595,19.555805,1775,192,135
1696924719,47.399506,19.55024,1775,192,130
1696924710,47.404724,19.541107,1775,187,129
1696924701,47.409485,19.532661,1775,184,129
1696924692,47.414474,19.523804,1750,181,129
1696924683,47.419273,19.515169,1750,177,129
1696924674,47.423767,19.50705,1750,177,128
1696924665,47.428535,19.498268,1750,177,128
1696924659,47.431564,19.492563,1750,177,128
1696924650,47.43631,19.483772,1750,178,128
1696924647,47.437866,19.480888,1750,178,128
1696924644,47.439194,19.478416,1750,178,127
1696924641,47.441025,19.474983,1750,179,127
1696924638,47.442268,19.472563,1750,179,127
1696924635,47.443863,19.469559,1750,180,127
1696924632,47.445435,19.466505,1750,181,127
1696924629,47.447021,19.463448,1750,182,127
1696924626,47.448414,19.460802,1750,182,126
1696924623,47.45018,19.457336,1750,183,124
1696924620,47.451645,19.454247,1750,184,121
1696924617,47.452881,19.451225,1750,184,118
1696924614,47.454048,19.448055,1750,186,115
1696924611,47.455212,19.444323,1750,186,111
1696924608,47.456177,19.440926,1775,187,108
1696924605,47.456955,19.437012,1775,188,100
1696924602,47.457321,19.433235,1775,189,88
1696924599,47.457275,19.42939,1775,189,79
1696924596,47.456863,19.425545,1775,190,74
1696924593,47.456039,19.421837,1775,191,62
1696924590,47.454838,19.418194,1775,192,54
1696924587,47.453304,19.415026,1775,192,45
1696924584,47.45158,19.412279,1775,192,37
1696924581,47.449402,19.409821,1775,191,28
1696924578,47.447159,19.407911,1775,192,22
1696924575,47.444645,19.406574,1775,192,13
1696924572,47.441853,19.405729,1775,192,7
1696924569,47.439198,19.405235,1750,192,5
1696924566,47.436729,19.404884,1750,192,6
1696924563,47.433975,19.404396,1750,192,8
1696924560,47.431236,19.403828,1775,192,10
1696924556,47.428444,19.403053,1775,192,11
1696924553,47.425919,19.402336,1775,192,13
1696924551,47.423229,19.401363,1775,192,15
1696924547,47.4207,19.400414,1750,193,16
1696924544,47.418137,19.399246,1750,192,18
1696924542,47.415688,19.398052,1750,192,20
1696924539,47.413239,19.396774,1750,192,21
1696924535,47.410446,19.395195,1775,192,23
1696924532,47.407974,19.393616,1775,192,24
1696924530,47.405773,19.392138,1750,193,26
1696924526,47.403168,19.390182,1750,193,27
1696924523,47.400787,19.388329,1750,193,29
1696924520,47.39827,19.386269,1750,193,31
1696924517,47.396229,19.38446,1750,193,32
1696924514,47.393875,19.382217,1750,194,34
1696924511,47.391632,19.379951,1750,194,35
1696924508,47.389297,19.37748,1750,194,37
1696924506,47.387466,19.375351,1750,195,38
1696924502,47.385105,19.372629,1750,195,40
1696924499,47.382915,19.369883,1750,195,41
1696924496,47.381145,19.367558,1750,196,43
1696924493,47.379227,19.364914,1775,195,44
1696924490,47.377235,19.362064,1775,195,45
1696924487,47.375187,19.358967,1775,196,47
1696924484,47.373001,19.355446,1775,195,49
1696924481,47.371464,19.35284,1775,195,50
1696924478,47.369976,19.350233,1775,195,51
1696924475,47.36824,19.346992,1775,194,52
1696924472,47.366577,19.343685,1775,194,54
1696924469,47.365036,19.340607,1750,193,55
1696924466,47.363434,19.337105,1750,192,57
1696924463,47.362061,19.334015,1750,192,59
1696924460,47.360687,19.33065,1775,192,60
1696924457,47.35936,19.327065,1775,191,62
1696924454,47.357964,19.323191,1775,190,64
1696924451,47.356934,19.320007,1775,189,66
1696924448,47.355869,19.316359,1775,187,69
1696924445,47.354843,19.312557,1775,188,70
1696924442,47.354053,19.309175,1775,185,72
1696924439,47.353271,19.30545,1775,184,74
1696924436,47.352612,19.301922,1775,183,76
1696924433,47.35199,19.298172,1775,182,77
1696924430,47.351448,19.294668,1775,181,79
1696924427,47.350983,19.290794,1775,179,80
1696924424,47.350563,19.286922,1775,177,84
1696924421,47.350422,19.283541,1775,176,91
1696924418,47.350563,19.279949,1775,175,100
1696924415,47.351074,19.276217,1750,174,104
1696924412,47.351681,19.272766,1775,172,105
1696924406,47.352997,19.265968,1775,166,107
1696924403,47.353634,19.262978,1775,164,109
1696924400,47.354416,19.25972,1775,163,112
1696924397,47.355217,19.25671,1775,162,114
1696924394,47.356148,19.253752,1775,158,115
1696924391,47.357117,19.250725,1775,157,115
1696924388,47.358059,19.247906,1775,154,118
1696924385,47.359085,19.245026,1775,153,120
1696924382,47.360245,19.242062,1775,153,118
1696924379,47.36113,19.239454,1775,153,108
1696924376,47.361832,19.23658,1775,153,97
1696924372,47.362152,19.233187,1775,153,86
1696924369,47.362015,19.229988,1775,152,75
1696924367,47.361504,19.22706,1775,152,65
1696924364,47.360733,19.224495,1750,151,54
1696924360,47.359451,19.221817,1750,151,42
1696924357,47.357712,19.219414,1750,152,26
1696924354,47.355972,19.217972,1750,152,19
1696924351,47.354053,19.21699,1750,154,3
1696924348,47.351715,19.216599,1750,154,355
1696924345,47.349491,19.216919,1750,156,339
1696924342,47.347504,19.217834,1750,157,332
1696924339,47.345856,19.219208,1775,159,320
1696924336,47.343979,19.221405,1775,162,309
1696924333,47.342602,19.22389,1775,165,298
1696924330,47.34137,19.227379,1750,170,282
1696924327,47.340866,19.230263,1775,175,271
1696924324,47.340683,19.233559,1775,177,264
1696924318,47.341415,19.241043,1775,183,256
1696924309,47.343208,19.251921,1775,187,255
1696924300,47.345169,19.263222,1775,188,256
1696924297,47.345768,19.267061,1775,188,256
1696924294,47.346466,19.271076,1750,188,256
1696924291,47.347046,19.27462,1750,188,256
1696924288,47.34763,19.278471,1750,187,257
1696924285,47.34819,19.282104,1750,186,258
1696924282,47.34874,19.286087,1750,187,256
1696924279,47.349335,19.289795,1750,187,255
1696924276,47.349976,19.293297,1775,186,253
1696924273,47.3508,19.297417,1775,186,252
1696924270,47.351486,19.300575,1775,186,250
1696924267,47.352329,19.304247,1775,186,248
1696924264,47.353264,19.307838,1775,185,247
1696924261,47.354378,19.311781,1775,185,246
1696924258,47.355377,19.315132,1775,186,244
1696924254,47.356567,19.318771,1775,185,243
1696924252,47.357544,19.321642,1775,185,242
1696924249,47.358902,19.325294,1775,184,240
1696924246,47.360199,19.328684,1775,184,238
1696924243,47.361603,19.331955,1775,184,237
1696924240,47.362804,19.33481,1775,184,236
1696924237,47.364807,19.339176,1775,182,234
1696924234,47.365677,19.340881,1775,182,233
1696924231,47.367188,19.343834,1775,181,232
1696924228,47.368927,19.34713,1775,180,230
1696924225,47.370529,19.350014,1750,179,228
1696924222,47.372208,19.35284,1750,178,227
1696924219,47.373688,19.355301,1750,178,226
1696924216,47.375519,19.358047,1750,177,224
1696924213,47.377235,19.360516,1750,176,223
1696924210,47.379147,19.363121,1750,174,221
1696924207,47.38073,19.365164,1750,174,219
1696924204,47.382683,19.367558,1750,172,218
1696924201,47.384544,19.369741,1750,171,217
1696924197,47.386505,19.371918,1750,168,216
1696924194,47.388317,19.373898,1750,166,214
1696924191,47.390305,19.3759,1775,164,213
1696924188,47.392227,19.377769,1775,164,212
1696924185,47.394241,19.379608,1775,163,210
1696924182,47.396027,19.381256,1775,162,209
1696924179,47.398407,19.383179,1775,161,208
1696924176,47.400188,19.384602,1775,161,206
1696924173,47.402187,19.38608,1750,161,205
1696924171,47.403992,19.387367,1750,160,204
1696924167,47.405914,19.388685,1750,159,203
1696924164,47.40802,19.389977,1750,158,202
1696924161,47.41008,19.391212,1775,158,200
1696924158,47.412277,19.392448,1775,157,199
1696924155,47.414387,19.393545,1775,156,198
1696924152,47.416435,19.394602,1775,155,197
1696924149,47.418274,19.39547,1775,155,197
1696924146,47.420334,19.396431,1750,154,197
1696924143,47.422577,19.39749,1750,154,196
1696924140,47.425045,19.398546,1750,152,195
1696924137,47.426537,19.399179,1750,152,195
1696924134,47.428722,19.400024,1750,153,194
1696924131,47.430771,19.400799,1750,153,192
1696924128,47.432728,19.401432,1750,153,186
1696924125,47.435009,19.401785,1750,155,175
1696924122,47.437149,19.401503,1750,156,165
1696924119,47.439198,19.400658,1750,156,154
1696924116,47.441208,19.399178,1750,156,143
1696924113,47.442947,19.397255,1750,157,137
1696924110,47.44455,19.395058,1775,156,135
1696924107,47.446198,19.392654,1775,156,134
1696924104,47.447762,19.390306,1775,157,133
1696924101,47.449162,19.388123,1775,156,128
1696924098,47.450603,19.385235,1775,156,117
1696924095,47.451553,19.382698,1775,154,113
1696924092,47.452515,19.379196,1775,154,111
1696924089,47.453201,19.376656,1775,152,109
1696924086,47.453888,19.373703,1750,150,109
1696924083,47.45462,19.370819,1750,149,110
1696924080,47.455257,19.368193,1750,147,110
1696924077,47.455956,19.365376,1750,146,112
1696924074,47.456818,19.362373,1775,146,114
1696924071,47.45768,19.359741,1750,147,120
1696924068,47.458786,19.357086,1750,148,125
1696924065,47.460052,19.35453,1750,148,130
1696924062,47.461357,19.352417,1750,150,139
1696924059,47.463089,19.350494,1750,152,150
1696924056,47.464966,19.349052,1750,156,163
1696924053,47.467083,19.348051,1750,158,173
1696924050,47.469223,19.347679,1750,161,180
1696924047,47.471691,19.34791,1750,166,194
1696924043,47.473881,19.348684,1750,168,203
1696924041,47.476067,19.350094,1775,172,213
1696924037,47.478161,19.352135,1775,174,222
1696924035,47.47966,19.354134,1775,175,228
1696924032,47.481216,19.356949,1775,175,238
1696924029,47.482361,19.360107,1775,175,247
1696924026,47.483231,19.363472,1775,176,254
1696924023,47.483871,19.367386,1775,176,258
1696924019,47.484375,19.370956,1775,176,262
1696924016,47.48465,19.374321,1775,176,270
1696924013,47.484634,19.378475,1750,176,277
1696924010,47.484306,19.381573,1750,176,282
1696924007,47.48378,19.385239,1750,176,285
1696924004,47.483047,19.388947,1750,176,290
1696924001,47.482269,19.391899,1750,177,296
1696923999,47.481236,19.395023,1750,176,300
1696923995,47.47998,19.398216,1750,176,308
1696923992,47.47847,19.4011,1750,177,317
1696923989,47.476578,19.403616,1750,178,327
1696923986,47.474346,19.405729,1750,177,337
1696923983,47.472153,19.407074,1750,177,346
1696923980,47.469688,19.407841,1775,178,355
1696923977,47.466797,19.408104,1775,179,1
1696923968,47.459774,19.407631,1775,179,2
1696923965,47.457367,19.407417,1750,179,3
1696923962,47.454712,19.407211,1750,179,3
1696923959,47.452141,19.406996,1750,179,3
1696923955,47.448898,19.406731,1750,180,3
1696923953,47.446831,19.406574,1750,180,4
1696923950,47.444366,19.406292,1750,180,5
1696923946,47.441757,19.405975,1750,180,6
1696923943,47.439198,19.405518,1750,181,6
1696923941,47.436768,19.405151,1750,181,6
1696923938,47.434113,19.404671,1750,181,8
1696923934,47.431641,19.404053,1750,182,10
1696923931,47.429234,19.403404,1750,182,12
1696923928,47.426834,19.402679,1750,182,13
1696923925,47.424362,19.401787,1750,183,14
1696923923,47.420715,19.400236,1750,184,17
1696923919,47.419464,19.399658,1750,185,18
1696923917,47.417458,19.398685,1750,185,19
1696923914,47.415035,19.397348,1750,186,21
1696923911,47.412663,19.395939,1750,185,22
1696923908,47.410034,19.394302,1750,187,24
1696923905,47.4077,19.392723,1750,186,26
1696923902,47.405182,19.390869,1750,187,27
1696923899,47.402981,19.389179,1775,187,28
1696923896,47.400604,19.38723,1775,189,29
1696923893,47.398418,19.385376,1775,189,31
1696923890,47.396393,19.383591,1775,190,32
1696923887,47.393875,19.381187,1775,190,34
1696923884,47.391621,19.378967,1750,191,35
1696923881,47.389713,19.376995,1775,191,35
1696923878,47.387291,19.37439,1775,191,36
1696923875,47.385269,19.372055,1775,190,38
1696923871,47.383209,19.369652,1775,190,40
1696923868,47.381149,19.367111,1775,189,41
1696923865,47.379044,19.364365,1775,190,43
1696923862,47.37719,19.361784,1775,190,44
1696923859,47.375328,19.359037,1775,189,46
1696923857,47.37323,19.355782,1775,189,47
1696923853,47.371719,19.35331,1775,189,49
1696923850,47.369976,19.350233,1775,188,50
1696923848,47.36853,19.347628,1775,188,52
1696923844,47.366638,19.344109,1775,188,53
1696923841,47.365219,19.341225,1775,188,55
1696923839,47.363846,19.338272,1775,186,56
1696923835,47.362289,19.334908,1775,186,57
1696923832,47.360989,19.331783,1775,185,59
1696923829,47.359543,19.328178,1775,184,61
1696923826,47.358429,19.325233,1775,184,63
1696923823,47.357254,19.321724,1775,183,65
1696923820,47.356056,19.31798,1775,182,66
1696923817,47.355103,19.314651,1775,182,68
1696923814,47.354233,19.311218,1775,180,70
1696923811,47.353447,19.307768,1775,180,73
1696923808,47.352676,19.304146,1775,179,75
1696923805,47.352081,19.300644,1775,178,77
1696923802,47.351486,19.296799,1775,177,78
1696923799,47.351074,19.293503,1775,176,80
1696923796,47.350662,19.289932,1775,175,82
1696923792,47.35033,19.285583,1775,173,84
1696923790,47.350143,19.282274,1775,173,88
1696923787,47.350143,19.278751,1775,170,98
1696923780,47.351261,19.27178,1775,169,112
1696923777,47.352192,19.268612,1775,168,114
1696923775,47.353123,19.265654,1775,167,114
1696923771,47.354141,19.262466,1750,165,115
1696923768,47.355125,19.259315,1750,162,114
1696923765,47.356064,19.256218,1775,160,113
1696923763,47.356892,19.253469,1775,159,113
1696923759,47.357758,19.250381,1775,156,112
1696923756,47.358627,19.247292,1775,153,111
1696923753,47.35936,19.244455,1775,151,109
1696923751,47.360012,19.241709,1775,151,106
1696923748,47.360569,19.23875,1775,149,99
1696923744,47.360825,19.235413,1775,148,86
1696923741,47.360687,19.232391,1775,147,75
1696923738,47.360229,19.229713,1775,147,68
1696923735,47.35936,19.226967,1750,148,53
1696923732,47.357941,19.22422,1750,149,40
1696923729,47.356339,19.222229,1750,150,28
1696923726,47.354645,19.220924,1750,152,17
1696923723,47.352516,19.220018,1750,153,5
1696923720,47.350235,19.219736,1750,156,353
1696923717,47.348373,19.220158,1750,158,341
1696923714,47.346046,19.221285,1775,160,330
1696923711,47.344345,19.222847,1775,161,322
1696923708,47.342602,19.225159,1775,165,306
1696923705,47.341324,19.227791,1775,167,295
1696923702,47.340317,19.230881,1775,170,284
1696923699,47.339767,19.234245,1775,173,272
1696923696,47.339676,19.238228,1775,177,261
1696923690,47.34074,19.244947,1775,180,252
1696923687,47.341507,19.248596,1775,180,252
1696923678,47.343796,19.259171,1775,182,252
1696923669,47.346138,19.269949,1750,182,253
1696923666,47.346909,19.273659,1775,182,254
1696923663,47.347595,19.277504,1750,182,256
1696923660,47.348141,19.281076,1775,182,257
1696923657,47.348701,19.28495,1775,181,256
1696923654,47.349289,19.288696,1750,181,255
1696923651,47.349976,19.292473,1750,182,253
1696923648,47.350571,19.295563,1750,181,252
1696923645,47.351349,19.299133,1750,181,251
1696923642,47.352097,19.302486,1750,181,249
1696923639,47.353077,19.306217,1750,181,247
1696923636,47.354004,19.309776,1750,182,246
1696923633,47.35503,19.313261,1750,180,245
1696923630,47.356018,19.316299,1750,180,243
1696923627,47.357208,19.319801,1775,180,242
1696923624,47.358353,19.323029,1775,179,240
1696923621,47.359547,19.326149,1775,179,239
1696923618,47.360806,19.329317,1775,180,238
1696923614,47.362152,19.332504,1775,179,236
1696923612,47.363457,19.335514,1775,179,235
1696923609,47.364899,19.338543,1750,179,234
1696923605,47.367043,19.342909,1750,180,233
1696923603,47.367783,19.344383,1750,180,231
1696923599,47.369522,19.34761,1750,180,229
1696923596,47.371033,19.350288,1750,179,228
1696923594,47.372627,19.352909,1750,180,227
1696923587,47.376213,19.358402,1750,180,223
1696923584,47.378036,19.361069,1775,179,221
1696923581,47.379845,19.363403,1775,179,219
1696923578,47.38203,19.366079,1775,180,218
1696923575,47.383755,19.368052,1775,178,219
1696923572,47.385757,19.370516,1775,178,222
1696923569,47.388016,19.373634,1775,177,222
1696923566,47.389435,19.375626,1775,177,221
1696923563,47.391403,19.378166,1775,178,218
1696923554,47.397034,19.384415,1775,176,213
1696923551,47.399368,19.386681,1775,176,211
1696923548,47.401352,19.388475,1775,175,210
1696923545,47.403809,19.390594,1750,175,210
1696923542,47.40554,19.392138,1775,174,210
1696923539,47.4077,19.394096,1775,174,211
1696923536,47.40976,19.39595,1775,173,212
1696923530,47.414104,19.400095,1775,171,215
1696923521,47.419327,19.405907,1775,168,218
1696923518,47.42123,19.408052,1775,167,218
1696923515,47.423042,19.410166,1775,166,218
1696923512,47.424953,19.412418,1775,164,217
1696923509,47.426605,19.414284,1775,164,217
1696923506,47.428444,19.416363,1775,162,217
1696923503,47.430176,19.418335,1775,160,216
1696923500,47.431961,19.420326,1775,159,216
1696923497,47.433746,19.422249,1775,158,216
1696923494,47.435799,19.424461,1775,156,215
1696923491,47.437336,19.426151,1775,155,213
1696923488,47.439056,19.427879,1750,154,209
1696923485,47.440826,19.429392,1750,153,206
1696923481,47.443863,19.43145,1750,150,198
1696923479,47.44511,19.432068,1750,149,197
1696923476,47.446972,19.432983,1750,147,194
1696923473,47.448788,19.433687,1750,147,190
1696923470,47.450867,19.434334,1775,148,185
1696923467,47.453201,19.434677,1750,150,178
1696923463,47.455948,19.434128,1750,155,157
1696923459,47.458603,19.432343,1750,158,140
1696923455,47.4608,19.429596,1750,161,124
1696923450,47.462585,19.425476,1775,165,107
1696923449,47.462952,19.423965,1750,166,99
1696923446,47.463364,19.420601,1750,170,87
1696923443,47.463364,19.417374,1750,172,79
1696923440,47.462894,19.413616,1750,175,75
1696923437,47.462311,19.410439,1750,177,74
1696923434,47.461681,19.406857,1775,178,80
1696923431,47.461212,19.402885,1775,178,86
1696923428,47.46117,19.399391,1775,178,98
1696923425,47.461449,19.396009,1775,178,106
1696923421,47.462265,19.391899,1775,178,115
1696923418,47.463501,19.388191,1775,179,122
1696923415,47.464828,19.385101,1775,178,127
1696923412,47.466064,19.382767,1775,178,134
1696923410,47.467735,19.380236,1775,178,139
1696923407,47.469643,19.377981,1750,178,147
1696923403,47.471924,19.376009,1750,178,156
1696923401,47.474304,19.374527,1750,177,164
1696923397,47.477142,19.37336,1775,178,173
1696923393,47.480255,19.372879,1750,178,181
1696923389,47.483608,19.373333,1750,177,195
1696923387,47.485291,19.373909,1750,178,202
1696923384,47.487442,19.375076,1775,177,211
1696923381,47.489685,19.377068,1775,177,220
1696923378,47.49157,19.37932,1775,177,233
1696923374,47.494038,19.383827,1775,177,238
1696923370,47.495201,19.387278,1775,177,254
1696923366,47.495956,19.39135,1775,177,262
1696923364,47.496178,19.393616,1775,177,265
1696923361,47.496368,19.397392,1775,177,267
1696923357,47.496502,19.402771,1775,176,284
1696923353,47.496414,19.406799,1775,176,278
1696923349,47.495773,19.412224,1750,176,284
1696923347,47.495338,19.414673,1750,176,286
1696923344,47.494675,19.41806,1750,176,289
1696923341,47.494129,19.42094,1750,176,289
1696923337,47.492889,19.4263,1750,175,296
1696923336,47.492546,19.42749,1750,175,299
1696923331,47.490826,19.431856,1750,175,307
1696923329,47.489822,19.433853,1750,175,308
1696923326,47.488266,19.436668,1750,176,309
1696923323,47.486801,19.439278,1750,176,312
1696923320,47.485153,19.441956,1750,175,318
1696923317,47.483284,19.444393,1750,176,323
1696923314,47.480396,19.447561,1750,176,325
1696923311,47.479111,19.448822,1750,176,326
1696923308,47.476719,19.451082,1750,176,330
1696923305,47.474438,19.452984,1750,176,335
1696923302,47.472885,19.454041,1750,176,339
1696923299,47.470596,19.455345,1750,176,342
1696923296,47.468262,19.456444,1750,176,345
1696923293,47.465824,19.45742,1750,176,352
1696923290,47.463078,19.457985,1750,176,355
1696923286,47.459633,19.458406,1750,177,358
1696923282,47.456375,19.458406,1750,177,2
1696923279,47.454025,19.458229,1750,177,7
1696923277,47.452324,19.457914,1750,177,12
1696923273,47.449814,19.457062,1750,176,21
1696923271,47.447437,19.45573,1750,177,27
1696923268,47.445576,19.454182,1750,178,34
1696923265,47.443497,19.452049,1750,180,37
1696923261,47.441391,19.449646,1750,178,40
1696923258,47.439522,19.44742,1750,180,45
1696923256,47.43771,19.444885,1750,179,47
1696923252,47.435989,19.442024,1750,180,51
1696923250,47.434433,19.43914,1750,180,57
1696923246,47.432968,19.435844,1750,181,65
1696923243,47.431961,19.43248,1750,180,74
1696923241,47.43132,19.42939,1750,181,80
1696923237,47.431004,19.425589,1775,182,91
1696923234,47.431046,19.421768,1775,182,100
1696923231,47.431641,19.417374,1775,182,112
1696923229,47.432308,19.414743,1775,182,118
1696923225,47.433609,19.411125,1750,183,127
1696923223,47.435165,19.408104,1750,183,133
1696923219,47.437336,19.405165,1750,184,145
1696923216,47.439285,19.403297,1750,184,152
1696923213,47.441254,19.401787,1750,184,155
1696923210,47.443947,19.399954,1750,185,154
1696923207,47.446552,19.398052,1750,185,147
1696923204,47.448879,19.39587,1775,186,141
1696923201,47.450226,19.394165,1775,186,131
1696923198,47.451965,19.391281,1775,188,122
1696923195,47.453396,19.387911,1775,188,115
1696923189,47.455536,19.380587,1775,189,110
1696923180,47.458191,19.369995,1750,192,110
1696923171,47.461029,19.358597,1750,193,108
1696923162,47.463547,19.346924,1775,197,107
1696923153,47.466064,19.335045,1750,201,107
1696923144,47.468571,19.323332,1750,205,107
1696923135,47.471146,19.311562,1775,213,107
1696923132,47.472202,19.306711,1775,215,108
1696923129,47.473133,19.302486,1800,217,108
1696923126,47.474064,19.29826,1825,219,108
1696923123,47.474991,19.294121,1850,222,108
1696923120,47.476021,19.289669,1900,221,108
1696923117,47.476952,19.285654,1925,222,108
1696923114,47.477966,19.281212,1950,224,109
1696923111,47.478973,19.276817,2000,225,109
1696923101,47.482544,19.263702,2100,227,116
1696923093,47.486961,19.251427,2225,230,118
1696923090,47.488632,19.24688,2250,230,117
1696923086,47.490005,19.242966,2300,232,116
1696923084,47.491425,19.23864,2325,232,115
1696923081,47.492798,19.234383,2375,234,115
1696923078,47.494175,19.23016,2400,234,115
1696923075,47.495571,19.225792,2450,235,115
1696923071,47.4972,19.220934,2500,236,117
1696923069,47.498474,19.217354,2525,236,118
1696923065,47.500275,19.212341,2575,237,117
1696923062,47.501812,19.208046,2625,235,113
1696923059,47.503052,19.203758,2700,235,106
1696923057,47.503952,19.199594,2725,232,99
1696923053,47.504517,19.194489,2800,228,91
1696923050,47.504559,19.189665,2850,223,83
1696923048,47.504276,19.18572,2900,219,78
1696923044,47.503578,19.181355,2950,213,70
1696923041,47.502411,19.177254,3025,204,59
1696923038,47.500992,19.173683,3075,196,50
1696923035,47.499115,19.170387,3125,187,41
1696923032,47.497147,19.167847,3150,179,32
1696923029,47.495106,19.165932,3175,172,23
1696923027,47.493057,19.164663,3150,164,14
1696923023,47.490406,19.163677,3125,159,3
1696923020,47.488495,19.163536,3075,156,352
1696923017,47.486355,19.163889,3025,151,341
1696923014,47.484192,19.164963,2950,150,330
1696923008,47.480942,19.168396,2800,147,314
1696922999,47.476685,19.175194,2550,147,311
1696922990,47.47253,19.181988,2275,147,312
1696922981,47.468155,19.18882,1900,153,315
1696922978,47.466709,19.190861,1800,155,315
1696922975,47.46508,19.193256,1650,157,315
1696922966,47.460613,19.200157,1275,161,310
1696922957,47.456097,19.208046,925,158,310
1696922948,47.452,19.215158,675,145,310
1696922939,47.447994,19.221849,425,136,312
1696922931,47.444733,19.227104,250,126,312
1696922919,47.440624,19.23385,0,82,309
1696922879,47.437767,19.236586,0,13,25
1696922879,47.438103,19.237606,0,13,25
1696922875,47.437901,19.237284,0,15,61
1696922867,47.437752,19.236477,0,15,78
1696922858,47.43766,19.2356,0,15,78
1696922849,47.437557,19.234589,0,17,78
1696922842,47.437477,19.233816,0,18,78
1696922834,47.437359,19.232746,0,19,78
1696922828,47.437302,19.232059,0,11,78
1696922821,47.43726,19.231705,0,5,78
1696922814,47.437229,19.23148,0,4,78
1696922740,47.437206,19.231234,0,4,78
1696922733,47.43718,19.230932,0,13,78
1696922729,47.437145,19.230555,0,12,78
1696922724,47.437088,19.230108,0,13,78
1696922721,47.437077,19.229851,0,15,78
1696922718,47.437057,19.229631,0,15,78
1696922715,47.437019,19.229301,0,15,81
1696922711,47.437065,19.228941,0,13,115
1696922707,47.437237,19.228683,0,14,137
1696922700,47.43766,19.228203,0,15,140
1696922692,47.438072,19.227739,0,15,140
1696922690,47.438221,19.227535,0,15,140
1696922684,47.438568,19.227148,0,15,140
1696922679,47.438789,19.226919,0,14,137
1696922676,47.438976,19.226707,0,12,149
1696922672,47.439186,19.22669,0,11,210
1696922666,47.43935,19.22699,0,9,247
1696922662,47.439339,19.227236,0,0,298
